time,KE,dt
0,0,0
0.0001,849255.8613295,2.6440416544961e-05
